[{
        "id": 2,
        "name": "醤油ラーメン",
        "category": "主菜",
        "calorie": 575,
        "protein": 22.7,
        "fat": 16.1,
        "carbohydrate": 85.6,
        "red": 0.7,
        "green": 0.1,
        "yellow": 5.8
    },
    {
        "id": 6,
        "name": "豚汁",
        "category": "汁物",
        "calorie": 72,
        "protein": 4.3,
        "fat": 2.6,
        "carbohydrate": 7.2,
        "red": 0.4,
        "green": 0.3,
        "yellow": 0.2
    },
    {
        "id": 20,
        "name": "ポテト＆コーンサラダ",
        "category": "副菜",
        "calorie": 75,
        "protein": 1.7,
        "fat": 3.8,
        "carbohydrate": 9.5,
        "red": 0,
        "green": 0.7,
        "yellow": 0.3
    }
]