[{
        "id": 1,
        "name": "から揚げ",
        "category": "主菜",
        "calorie": 361,
        "protein": 18.1,
        "fat": 17.4,
        "carbohydrate": 30.8,
        "red": 2.5,
        "green": 0.1,
        "yellow": 1.9
    },
    {
        "id": 2,
        "name": "醤油ラーメン",
        "category": "主菜",
        "calorie": 575,
        "protein": 22.7,
        "fat": 16.1,
        "carbohydrate": 85.6,
        "red": 0.7,
        "green": 0.1,
        "yellow": 5.8
    },
    {
        "id": 5,
        "name": "半熟卵",
        "category": "副菜",
        "calorie": 83,
        "protein": 6.8,
        "fat": 5.7,
        "carbohydrate": 0.2,
        "red": 1,
        "green": 0,
        "yellow": 0
    },
    {
        "id": 6,
        "name": "豚汁",
        "category": "汁物",
        "calorie": 72,
        "protein": 4.3,
        "fat": 2.6,
        "carbohydrate": 7.2,
        "red": 0.4,
        "green": 0.3,
        "yellow": 0.2
    },
    {
        "id": 7,
        "name": "きんぴらごぼう",
        "category": "副菜",
        "calorie": 43,
        "protein": 0.7,
        "fat": 1.8,
        "carbohydrate": 6.1,
        "red": 0,
        "green": 0.2,
        "yellow": 0.3
    },
    {
        "id": 9,
        "name": "おろしハンバーグ",
        "category": "主菜",
        "calorie": 269,
        "protein": 13.6,
        "fat": 17.2,
        "carbohydrate": 15.4,
        "red": 1.5,
        "green": 0.2,
        "yellow": 1.9
    },
    {
        "id": 10,
        "name": "さば味噌煮",
        "category": "主菜",
        "calorie": 209,
        "protein": 10,
        "fat": 15,
        "carbohydrate": 6.8,
        "red": 1.4,
        "green": 0,
        "yellow": 0.3
    },
    {
        "id": 11,
        "name": "肉じゃが",
        "category": "主菜",
        "calorie": 132,
        "protein": 6.5,
        "fat": 3.8,
        "carbohydrate": 16.5,
        "red": 0.7,
        "green": 0.8,
        "yellow": 0.2
    },
    {
        "id": 12,
        "name": "揚げだし豆腐",
        "category": "主菜",
        "calorie": 183,
        "protein": 6.3,
        "fat": 10,
        "carbohydrate": 17.5,
        "red": 0.9,
        "green": 0.1,
        "yellow": 1.4
    },
    {
        "id": 13,
        "name": "牛肉ニラ玉炒め",
        "category": "主菜",
        "calorie": 266,
        "protein": 10.5,
        "fat": 20.8,
        "carbohydrate": 7,
        "red": 2.1,
        "green": 0.2,
        "yellow": 1.1
    },
    {
        "id": 14,
        "name": "フライドチキン",
        "category": "主菜",
        "calorie": 265,
        "protein": 11.8,
        "fat": 21.4,
        "carbohydrate": 6,
        "red": 2.1,
        "green": 0,
        "yellow": 1.7
    },
    {
        "id": 15,
        "name": "春巻き",
        "category": "主菜",
        "calorie": 300,
        "protein": 3.8,
        "fat": 22.2,
        "carbohydrate": 21,
        "red": 0,
        "green": 0.1,
        "yellow": 3.8
    },
    {
        "id": 16,
        "name": "ほうれん草ゴマあえ",
        "category": "副菜",
        "calorie": 28,
        "protein": 2.1,
        "fat": 1,
        "carbohydrate": 3.3,
        "red": 0,
        "green": 0.1,
        "yellow": 0.2
    },
    {
        "id": 17,
        "name": "かぼちゃ煮",
        "category": "副菜",
        "calorie": 61,
        "protein": 1.1,
        "fat": 0,
        "carbohydrate": 14.3,
        "red": 0,
        "green": 0.3,
        "yellow": 0.3
    },
    {
        "id": 19,
        "name": "ほうれん草のおひたし",
        "category": "副菜",
        "calorie": 12,
        "protein": 1.9,
        "fat": 0,
        "carbohydrate": 1.5,
        "red": 0,
        "green": 0.1,
        "yellow": 0
    },
    {
        "id": 20,
        "name": "ポテト＆コーンサラダ",
        "category": "副菜",
        "calorie": 75,
        "protein": 1.7,
        "fat": 3.8,
        "carbohydrate": 9.5,
        "red": 0,
        "green": 0.7,
        "yellow": 0.3
    },
    {
        "id": 21,
        "name": "ライス２７０ｇ",
        "category": "ごはん",
        "calorie": 459,
        "protein": 8.1,
        "fat": 0,
        "carbohydrate": 99.9,
        "red": 0,
        "green": 0,
        "yellow": 5.7
    },
    {
        "id": 22,
        "name": "桃のヨーグルト",
        "category": "デザート",
        "calorie": 40,
        "protein": 1.2,
        "fat": 1.2,
        "carbohydrate": 6,
        "red": 0.3,
        "green": 0.1,
        "yellow": 0.1
    },
    {
        "id": 23,
        "name": "チキン竜田丼",
        "category": "主菜",
        "calorie": 901,
        "protein": 25.2,
        "fat": 34.7,
        "carbohydrate": 115.3,
        "red": 2.9,
        "green": 0,
        "yellow": 8
    },
    {
        "id": 24,
        "name": "鶏そぼろ丼",
        "category": "主菜",
        "calorie": 622,
        "protein": 20.1,
        "fat": 9.2,
        "carbohydrate": 106,
        "red": 1.5,
        "green": 0.1,
        "yellow": 6.5
    },
    {
        "id": 25,
        "name": "天丼",
        "category": "主菜",
        "calorie": 799,
        "protein": 13.2,
        "fat": 23,
        "carbohydrate": 127.9,
        "red": 0.1,
        "green": 0.4,
        "yellow": 9.5
    },
    {
        "id": 26,
        "name": "カレーライス",
        "category": "主菜",
        "calorie": 579,
        "protein": 12.2,
        "fat": 9,
        "carbohydrate": 108.3,
        "red": 0.4,
        "green": 0.1,
        "yellow": 7
    },
    {
        "id": 27,
        "name": "冷やし中華",
        "category": "主菜",
        "calorie": 571,
        "protein": 19.2,
        "fat": 10.8,
        "carbohydrate": 98.9,
        "red": 1.3,
        "green": 0,
        "yellow": 6.2
    },
    {
        "id": 28,
        "name": "釜玉そば",
        "category": "主菜",
        "calorie": 507,
        "protein": 20.2,
        "fat": 17.1,
        "carbohydrate": 61.7,
        "red": 1,
        "green": 0.1,
        "yellow": 4.9
    }
]